{
	"class_name" : "PinholeCameraParameters",
	"extrinsic" : 
	[
		-0.63112868531367161,
		0.57945714572853135,
		-0.51566074005917906,
		0.0,
		-0.63189875369612469,
		-0.76963582955398713,
		-0.091458487545064263,
		0.0,
		-0.44986725558938057,
		0.26812330396832329,
		0.85189749748287746,
		0.0,
		1.3455933475605697,
		-0.58249129762517393,
		3.201661464019439,
		1.0
	],
	"intrinsic" : 
	{
		"height" : 1080,
		"intrinsic_matrix" : 
		[
			935.30743608719376,
			0.0,
			0.0,
			0.0,
			935.30743608719376,
			0.0,
			959.5,
			539.5,
			1.0
		],
		"width" : 1920
	},
	"version_major" : 1,
	"version_minor" : 0
}